
		[code][{
        "author" : "Korenos", 
        "name" : "DofusPurple", 
        "keyWords" : "keyword1,keyword2",
        "version" : "1.0",
        "dofusVersion" : "2.47", 
        "description" : "Thême violet pour Dofus tiré de Xélorium", 
        "url" : "https://github.com/korenos77/DofusGreen/raw/master/DofusDofusPurple.zip",
        "previewUrl" : "https://github.com/korenos77/DofusGreen/raw/master/PreviewPurple.png", 
        "creationDate" : "14/05/2018", 
        "modificationDate" : "16/05/2018"
		} ][code]
