
		[code][{
        "author" : "Korenos", 
        "name" : "DofusBlue", 
        "keyWords" : "keyword1,keyword2",
        "version" : "1.0",
        "dofusVersion" : "2.47", 
        "description" : "Thême bleu pour Dofus tiré de Xélorium", 
        "url" : "https://github.com/korenos77/DofusGreen/raw/master/DofusDofusBlue.zip",
        "previewUrl" : "https://github.com/korenos77/DofusGreen/raw/master/PreviewBlue.png", 
        "creationDate" : "14/05/2018", 
        "modificationDate" : "17/05/2018"
		} ][code]
